<?xml version="1.0"?>
<!--
/**
 * Venustheme
 * 
 * NOTICE OF LICENSE
 * 
 * This source file is subject to the Venustheme.com license that is
 * available through the world-wide-web at this URL:
 * http://www.venustheme.com/license-agreement.html
 * 
 * DISCLAIMER
 * 
 * Do not edit or add to this file if you wish to upgrade this extension to newer
 * version in the future.
 * 
 * @category   Venustheme
 * @package    Ves_Brand
 * @copyright  Copyright (c) 2014 Venustheme (http://www.venustheme.com/)
 * @license    http://www.venustheme.com/LICENSE-1.0.html
 */
-->
<config xmlns:xsi="http://www.w3.org/2001/XMLSchema-instance" xsi:noNamespaceSchemaLocation="urn:magento:framework:Event/etc/events.xsd">
    <event name="catalog_product_edit_action">
        <observer name="ves_brand_loadproductbrand" instance="Ves\Brand\Observer\LoadProductBrand" />
    </event>
    <event name="controller_action_catalog_product_save_entity_after">
        <observer name="ves_brand_saveproductbrand" instance="Ves\Brand\Observer\SaveProductBrand" />
    </event>
    <event name="catalog_product_save_after">
        <observer name="ves_brand_saveproductbrand" instance="Ves\Brand\Observer\SaveProductBrandModel" />
    </event>
    <event name="catalog_product_attribute_update_after">
    	<observer name="ves_brand_saveattributeproductbrand" instance="Ves\Brand\Observer\MassUpdateAttributeBrandModel" />
    </event>
</config>
