<?xml version="1.0"?>
<!--
/**
 * Venustheme
 * 
 * NOTICE OF LICENSE
 * 
 * This source file is subject to the Venustheme.com license that is
 * available through the world-wide-web at this URL:
 * http://www.venustheme.com/license-agreement.html
 * 
 * DISCLAIMER
 * 
 * Do not edit or add to this file if you wish to upgrade this extension to newer
 * version in the future.
 * 
 * @category   Venustheme
 * @package    Ves_Brand
 * @copyright  Copyright (c) 2014 Venustheme (http://www.venustheme.com/)
 * @license    http://www.venustheme.com/LICENSE-1.0.html
 */
-->
<config xmlns:xsi="http://www.w3.org/2001/XMLSchema-instance" xsi:noNamespaceSchemaLocation="urn:magento:framework:Acl/etc/acl.xsd">
    <acl>
        <resources>
            <resource id="Magento_Backend::admin">
                <resource id="Magento_Backend::brand_elements" title="Ves Brand">
                    <resource id="Ves_Brand::brand" title="Brands" sortOrder="10">
                        <resource id="Ves_Brand::brand_edit" title="Edit Brand" sortOrder="10" />
                        <resource id="Ves_Brand::brand_save" title="Save Brand" sortOrder="20" />
                        <resource id="Ves_Brand::brand_delete" title="Delete Brand" sortOrder="30" />
                    </resource>
                    <resource id="Ves_Brand::group" title="Groups" sortOrder="30">
                        <resource id="Ves_Brand::group_edit" title="Edit Group" sortOrder="10" />
                        <resource id="Ves_Brand::group_save" title="Save Group" sortOrder="20" />
                        <resource id="Ves_Brand::group_delete" title="Delete Group" sortOrder="30" />
                    </resource>
                    <resource id="Ves_Brand::import" title="Import Brands Products" sortOrder="40">
                        <resource id="Ves_Brand::import_products" title="Import" sortOrder="10" />
                        <resource id="Ves_Brand::import_save" title="Save" sortOrder="20" />
                    </resource>
                </resource>
                <resource id="Magento_Backend::stores">
                    <resource id="Magento_Backend::stores_settings">
                        <resource id="Magento_Config::config">
                            <resource id="Ves_Brand::config_brand" title="Brand" />
                        </resource>
                    </resource>
                </resource>
            </resource>
        </resources>
    </acl>
</config>